<?xml version="1.0" encoding="UTF-8"?>
<model package="msop2" baseClass="xPDOObject" platform="mysql" defaultEngine="MyISAM" phpdoc-package="msop2"
	   version="1.1">

	<object class="msop2Price" table="msop2_price" extends="xPDOSimpleObject">
		<field key="product_id" dbtype="int" precision="10" attributes="unsigned" phptype="integer" null="false" />
		<field key="option" dbtype="tinyint" precision="3" attributes="unsigned" phptype="integer" null="false" />
		<field key="value" dbtype="varchar" precision="255" phptype="string" null="false" />
		<field key="price" dbtype="varchar" precision="11" phptype="string" null="true" default="0" />
		<field key="count" dbtype="int" precision="10" attributes="unsigned" phptype="integer" null="true" default="0" />
		<field key="weight" dbtype="decimal" precision="13,3" phptype="float" null="true" default="0" />
		<field key="article" dbtype="varchar" precision="50" phptype="varchar" null="true" default=""/>
		<field key="operation" dbtype="tinyint" precision="3" attributes="unsigned" phptype="integer" null="false" default="1" />
		<field key="active" dbtype="tinyint" precision="1" phptype="integer" null="true" default="1" />

		<index alias="product" name="product" primary="false" unique="false" type="BTREE" >
			<column key="product_id" length="" collation="A" null="false" />
			<column key="option" length="" collation="A" null="false" />
			<column key="value" length="" collation="A" null="false" />
		</index>
		<index alias="count" name="count" primary="false" unique="false" type="BTREE" >
			<column key="count" length="" collation="A" null="false" />
		</index>
		<index alias="operation" name="operation" primary="false" unique="false" type="BTREE" >
			<column key="operation" length="" collation="A" null="false" />
		</index>

		<aggregate alias="Option" class="msop2Option" local="option" foreign="id" cardinality="one" owner="foreign" />
		<aggregate alias="Operation" class="msop2Operation" local="operation" foreign="id" cardinality="one" owner="foreign" />
	</object>

	<object class="msop2Option" table="msop2_option" extends="xPDOSimpleObject">
		<field key="name" dbtype="varchar" precision="255" phptype="string" null="false" />
		<field key="key" dbtype="varchar" precision="255" phptype="string" null="false" />
		<field key="description" dbtype="text" phptype="string" null="true" />
		<field key="rank" dbtype="tinyint" precision="1" attributes="unsigned" phptype="integer" null="true" default="0" />
		<field key="active" dbtype="tinyint" precision="1" attributes="unsigned" phptype="integer" null="true" default="1" />
		<field key="editable" dbtype="tinyint" precision="1" phptype="integer" null="true" default="1" />
		<field key="remains" dbtype="tinyint" precision="1" phptype="integer" null="true" default="0" />
		<field key="weight" dbtype="tinyint" precision="1" phptype="integer" null="true" default="0" />
		<field key="article" dbtype="tinyint" precision="1" phptype="integer" null="true" default="0" />

		<aggregate alias="Price" class="msop2Price" local="id" foreign="option" cardinality="many" owner="local" />
	</object>

	<object class="msop2Operation" table="msop2_operation" extends="xPDOSimpleObject">
		<field key="name" dbtype="varchar" precision="255" phptype="string" null="false" />
		<field key="description" dbtype="text" phptype="string" null="true" />
		<field key="color" dbtype="char" precision="6" phptype="string" null="true" default="000000" />
		<field key="rank" dbtype="tinyint" precision="1" attributes="unsigned" phptype="integer" null="true" default="0" />
		<field key="active" dbtype="tinyint" precision="1" attributes="unsigned" phptype="integer" null="true" default="1" />
		<field key="editable" dbtype="tinyint" precision="1" phptype="integer" null="true" default="1" />

		<aggregate alias="Price" class="msop2Price" local="id" foreign="operation" cardinality="many" owner="local" />
	</object>


</model>